{
    "train_score": 100.0,
    "test_score": 83.60655737704919,
    "roc_auc": 0.9397849462365592,
    "Precision": [
        0.5081967213114754,
        0.8,
        1.0
    ],
    "Recall": [
        1.0,
        0.9032258064516129,
        0.0
    ],
    "Average precision": 0.7717609730301429,
    "Model Accuracy": 0.8360655737704918
}